pair_id,family,parameters_billion,prompt_protocol,role,metric,base,instruct,delta,ci_low,ci_high,point_sign,ci_sign,classification
mistral_7b_v0_3,Mistral v0.3,7.0,shared_plain_ab_label,primary,accuracy,0.6658227848101266,0.7582278481012659,0.09240506329113929,0.06075949367088607,0.1240506329113924,positive,positive,supports_tradeoff
mistral_7b_v0_3,Mistral v0.3,7.0,shared_plain_ab_label,primary,mean_confidence,0.6279749586640091,0.9117395625425876,0.2837646038785785,0.27438805232518865,0.29330130188378506,positive,positive,supports_tradeoff
mistral_7b_v0_3,Mistral v0.3,7.0,shared_plain_ab_label,primary,overconfidence_gap,-0.03784782614611748,0.15351171444132172,0.1913595405874392,0.15914628173729833,0.22359864486379383,positive,positive,supports_tradeoff
mistral_7b_v0_3,Mistral v0.3,7.0,shared_plain_ab_label,primary,brier,0.20781088294805444,0.19575047325415873,-0.012060409693895713,-0.03157129985262372,0.008478655932971034,negative,crosses_or_touches_zero,supports_tradeoff
mistral_7b_v0_3,Mistral v0.3,7.0,shared_plain_ab_label,primary,nll,0.6008943164038004,0.7583248714093526,0.15743055500555214,0.0630073765886918,0.25350496047535015,positive,positive,supports_tradeoff
mistral_7b_v0_3,Mistral v0.3,7.0,shared_plain_ab_label,primary,ece,0.06633367634513203,0.15351171444132175,0.08717803809618972,0.04304136613153591,0.12629388520059898,positive,positive,supports_tradeoff
mistral_7b_v0_3,Mistral v0.3,7.0,native_prompt_ab_label,sensitivity,accuracy,0.6658227848101266,0.7645569620253164,0.09873417721518984,0.0620253164556962,0.1354430379746835,positive,positive,supports_tradeoff
mistral_7b_v0_3,Mistral v0.3,7.0,native_prompt_ab_label,sensitivity,mean_confidence,0.6279749586640091,0.9815071844704905,0.35353222580648136,0.3452272967821129,0.3616671686019996,positive,positive,supports_tradeoff
mistral_7b_v0_3,Mistral v0.3,7.0,native_prompt_ab_label,sensitivity,overconfidence_gap,-0.03784782614611748,0.21695022244517403,0.2547980485912915,0.21831011416455234,0.2908884019703789,positive,positive,supports_tradeoff
mistral_7b_v0_3,Mistral v0.3,7.0,native_prompt_ab_label,sensitivity,brier,0.20781088294805444,0.22520761163558528,0.017396728687530838,-0.00827218440791153,0.04338113935156875,positive,crosses_or_touches_zero,supports_tradeoff
mistral_7b_v0_3,Mistral v0.3,7.0,native_prompt_ab_label,sensitivity,nll,0.6008943164038004,1.9634144609764723,1.362520144572672,1.0840532022706757,1.6473479791075236,positive,positive,supports_tradeoff
mistral_7b_v0_3,Mistral v0.3,7.0,native_prompt_ab_label,sensitivity,ece,0.06633367634513203,0.21695022244517398,0.15061654610004194,0.10534881801898016,0.18918134289007274,positive,positive,supports_tradeoff
olmo2_0425_1b,OLMo-2,1.0,shared_plain_ab_label,primary,accuracy,0.49873417721518987,0.45949367088607596,-0.03924050632911391,-0.07721518987341769,-0.0025316455696202667,negative,negative,accuracy_and_calibration_worsened
olmo2_0425_1b,OLMo-2,1.0,shared_plain_ab_label,primary,mean_confidence,0.6747992964927391,0.76393700142842,0.08913770493568096,0.077247153900401,0.1006930869962264,positive,positive,accuracy_and_calibration_worsened
olmo2_0425_1b,OLMo-2,1.0,shared_plain_ab_label,primary,overconfidence_gap,0.1760651192775492,0.30444333054234407,0.12837821126479487,0.08972816025664572,0.16764689918946185,positive,positive,accuracy_and_calibration_worsened
olmo2_0425_1b,OLMo-2,1.0,shared_plain_ab_label,primary,brier,0.2887238212498551,0.36851913691641647,0.0797953156665614,0.06150766371531117,0.09852884895833385,positive,positive,accuracy_and_calibration_worsened
olmo2_0425_1b,OLMo-2,1.0,shared_plain_ab_label,primary,nll,0.7900640172168303,1.1885751045891422,0.3985110873723119,0.3229145555384866,0.4765259667884443,positive,positive,accuracy_and_calibration_worsened
olmo2_0425_1b,OLMo-2,1.0,shared_plain_ab_label,primary,ece,0.17606511927754923,0.304443330542344,0.1283782112647948,0.08601688618855469,0.15617886889683644,positive,positive,accuracy_and_calibration_worsened
olmo2_0425_1b,OLMo-2,1.0,native_prompt_ab_label,sensitivity,accuracy,0.49873417721518987,0.5025316455696203,0.0037974683544304,-0.03164556962025311,0.03797468354430383,positive,crosses_or_touches_zero,uncertain
olmo2_0425_1b,OLMo-2,1.0,native_prompt_ab_label,sensitivity,mean_confidence,0.6747992964927391,0.8302965625980115,0.15549726610527248,0.14537379253989086,0.16545565123897646,positive,positive,uncertain
olmo2_0425_1b,OLMo-2,1.0,native_prompt_ab_label,sensitivity,overconfidence_gap,0.1760651192775492,0.3277649170283913,0.15169979775084208,0.11572786312171926,0.1883914830745494,positive,positive,uncertain
olmo2_0425_1b,OLMo-2,1.0,native_prompt_ab_label,sensitivity,brier,0.2887238212498551,0.3767556347961378,0.0880318135462827,0.06697195121985214,0.10860635665124897,positive,positive,uncertain
olmo2_0425_1b,OLMo-2,1.0,native_prompt_ab_label,sensitivity,nll,0.7900640172168303,1.1607461797098129,0.3706821624929826,0.30128506069631195,0.43887760027631667,positive,positive,uncertain
olmo2_0425_1b,OLMo-2,1.0,native_prompt_ab_label,sensitivity,ece,0.17606511927754923,0.32776491702839133,0.1516997977508421,0.10902062640263231,0.17744642442564806,positive,positive,uncertain
olmo2_1124_7b,OLMo-2,7.0,shared_plain_ab_label,primary,accuracy,0.6303797468354431,0.6835443037974683,0.05316455696202527,0.025316455696202445,0.08227848101265822,positive,positive,supports_tradeoff
olmo2_1124_7b,OLMo-2,7.0,shared_plain_ab_label,primary,mean_confidence,0.7502071158840639,0.9161496384847867,0.16594252260072284,0.15565623658962544,0.17618678989799474,positive,positive,supports_tradeoff
olmo2_1124_7b,OLMo-2,7.0,shared_plain_ab_label,primary,overconfidence_gap,0.11982736904862079,0.23260533468731837,0.11277796563869757,0.08250752604312632,0.14190443193044747,positive,positive,supports_tradeoff
olmo2_1124_7b,OLMo-2,7.0,shared_plain_ab_label,primary,brier,0.2460134310665597,0.2639829734250774,0.01796954235851772,7.566164125651856e-06,0.036325786596067916,positive,positive,supports_tradeoff
olmo2_1124_7b,OLMo-2,7.0,shared_plain_ab_label,primary,nll,0.7179176852849991,1.2347988984258533,0.5168812131408542,0.40123277622485065,0.6423594943729445,positive,positive,supports_tradeoff
olmo2_1124_7b,OLMo-2,7.0,shared_plain_ab_label,primary,ece,0.12600829710847647,0.2326053346873184,0.10659703757884192,0.07489636728583224,0.1310156025699612,positive,positive,supports_tradeoff
olmo2_1124_7b,OLMo-2,7.0,native_prompt_ab_label,sensitivity,accuracy,0.6303797468354431,0.6531645569620254,0.02278481012658229,-0.016455696202531622,0.06329113924050633,positive,crosses_or_touches_zero,uncertain
olmo2_1124_7b,OLMo-2,7.0,native_prompt_ab_label,sensitivity,mean_confidence,0.7502071158840639,0.8813402014579402,0.13113308557387637,0.11780842190889745,0.1445926003288754,positive,positive,uncertain
olmo2_1124_7b,OLMo-2,7.0,native_prompt_ab_label,sensitivity,overconfidence_gap,0.11982736904862079,0.22817564449591488,0.10834827544729408,0.06679566480324906,0.1489534920666372,positive,positive,uncertain
olmo2_1124_7b,OLMo-2,7.0,native_prompt_ab_label,sensitivity,brier,0.2460134310665597,0.2818648801692312,0.03585144910267152,0.010099210632873997,0.061119125924065085,positive,positive,uncertain
olmo2_1124_7b,OLMo-2,7.0,native_prompt_ab_label,sensitivity,nll,0.7179176852849991,1.1659054935340394,0.4479878082490403,0.33128456363679315,0.5687732787699403,positive,positive,uncertain
olmo2_1124_7b,OLMo-2,7.0,native_prompt_ab_label,sensitivity,ece,0.12600829710847647,0.22817564449591488,0.1021673473874384,0.06055770952797949,0.13707109673154988,positive,positive,uncertain
qwen2_5_0_5b,Qwen2.5,0.5,shared_plain_ab_label,primary,accuracy,0.5050632911392405,0.46455696202531643,-0.0405063291139241,-0.06712025316455701,-0.013924050632911411,negative,negative,uncertain
qwen2_5_0_5b,Qwen2.5,0.5,shared_plain_ab_label,primary,mean_confidence,0.7797609637619821,0.7099311739778986,-0.0698297897840835,-0.07769649854084186,-0.06190372909027745,negative,negative,uncertain
qwen2_5_0_5b,Qwen2.5,0.5,shared_plain_ab_label,primary,overconfidence_gap,0.2746976726227416,0.2453742119525822,-0.029323460670159396,-0.057253884603463596,-0.0009102650057531559,negative,negative,uncertain
qwen2_5_0_5b,Qwen2.5,0.5,shared_plain_ab_label,primary,brier,0.34199076254209754,0.3293636553647678,-0.012627107177329733,-0.024207693724556993,-0.0009813965818229727,negative,negative,uncertain
qwen2_5_0_5b,Qwen2.5,0.5,shared_plain_ab_label,primary,nll,0.9624496902504637,0.9089612044677784,-0.05348848578268528,-0.08412052511392017,-0.022499489660583766,negative,negative,uncertain
qwen2_5_0_5b,Qwen2.5,0.5,shared_plain_ab_label,primary,ece,0.2746976726227416,0.24537899464097498,-0.0293186779817666,-0.049783507260425686,0.004219947794696303,negative,crosses_or_touches_zero,uncertain
qwen2_5_0_5b,Qwen2.5,0.5,native_prompt_ab_label,sensitivity,accuracy,0.5050632911392405,0.43924050632911393,-0.0658227848101266,-0.10253164556962024,-0.030379746835443033,negative,negative,accuracy_and_calibration_worsened
qwen2_5_0_5b,Qwen2.5,0.5,native_prompt_ab_label,sensitivity,mean_confidence,0.7797609637619821,0.8011691305594151,0.02140816679743296,0.008656866823124719,0.03387600334525761,positive,positive,accuracy_and_calibration_worsened
qwen2_5_0_5b,Qwen2.5,0.5,native_prompt_ab_label,sensitivity,overconfidence_gap,0.2746976726227416,0.36192862423030114,0.08723095160755956,0.04911869558661169,0.12559955692471314,positive,positive,accuracy_and_calibration_worsened
qwen2_5_0_5b,Qwen2.5,0.5,native_prompt_ab_label,sensitivity,brier,0.34199076254209754,0.4142711929118611,0.07228043036976356,0.0497131848809872,0.09514843724150883,positive,positive,accuracy_and_calibration_worsened
qwen2_5_0_5b,Qwen2.5,0.5,native_prompt_ab_label,sensitivity,nll,0.9624496902504637,1.4147779317586995,0.4523282415082358,0.361186720725632,0.5436083336876019,positive,positive,accuracy_and_calibration_worsened
qwen2_5_0_5b,Qwen2.5,0.5,native_prompt_ab_label,sensitivity,ece,0.2746976726227416,0.3619286242303012,0.08723095160755961,0.04907276759160594,0.12374872415016122,positive,positive,accuracy_and_calibration_worsened
qwen2_5_1_5b,Qwen2.5,1.5,shared_plain_ab_label,primary,accuracy,0.5392405063291139,0.5873417721518988,0.048101265822784844,0.015189873417721489,0.08227848101265822,positive,positive,supports_tradeoff
qwen2_5_1_5b,Qwen2.5,1.5,shared_plain_ab_label,primary,mean_confidence,0.7307207020437886,0.8583642701297292,0.12764356808594057,0.116682077519656,0.13821384471918005,positive,positive,supports_tradeoff
qwen2_5_1_5b,Qwen2.5,1.5,shared_plain_ab_label,primary,overconfidence_gap,0.19148019571467467,0.2710224979778304,0.07954230226315573,0.04456029521572965,0.1140807396307682,positive,positive,supports_tradeoff
qwen2_5_1_5b,Qwen2.5,1.5,shared_plain_ab_label,primary,brier,0.29665129574155746,0.32775619448058174,0.031104898739024278,0.012605484412245588,0.04922108293276511,positive,positive,supports_tradeoff
qwen2_5_1_5b,Qwen2.5,1.5,shared_plain_ab_label,primary,nll,0.8554072626967609,1.1612032029458352,0.3057959402490743,0.23163470843869252,0.37910823033900504,positive,positive,supports_tradeoff
qwen2_5_1_5b,Qwen2.5,1.5,shared_plain_ab_label,primary,ece,0.19148019571467464,0.2710426995419606,0.07956250382728594,0.047464294520407596,0.1101878157904158,positive,positive,supports_tradeoff
qwen2_5_1_5b,Qwen2.5,1.5,native_prompt_ab_label,sensitivity,accuracy,0.5392405063291139,0.5784810126582278,0.03924050632911391,0.0012658227848101333,0.07848101265822782,positive,positive,supports_tradeoff
qwen2_5_1_5b,Qwen2.5,1.5,native_prompt_ab_label,sensitivity,mean_confidence,0.7307207020437886,0.9296760395029,0.19895533745911143,0.1871888592615426,0.2105652957814122,positive,positive,supports_tradeoff
qwen2_5_1_5b,Qwen2.5,1.5,native_prompt_ab_label,sensitivity,overconfidence_gap,0.19148019571467467,0.3511950268446722,0.15971483112999751,0.1205776151263161,0.19890859593078772,positive,positive,supports_tradeoff
qwen2_5_1_5b,Qwen2.5,1.5,native_prompt_ab_label,sensitivity,brier,0.29665129574155746,0.37374641011155724,0.07709511436999977,0.0506636103793062,0.10274747374312831,positive,positive,supports_tradeoff
qwen2_5_1_5b,Qwen2.5,1.5,native_prompt_ab_label,sensitivity,nll,0.8554072626967609,2.176132488515131,1.3207252258183702,1.1178598398493622,1.5271002666348583,positive,positive,supports_tradeoff
qwen2_5_1_5b,Qwen2.5,1.5,native_prompt_ab_label,sensitivity,ece,0.19148019571467464,0.3511950268446722,0.15971483112999754,0.12038378158828353,0.19381183232546892,positive,positive,supports_tradeoff
qwen2_5_7b,Qwen2.5,7.0,shared_plain_ab_label,primary,accuracy,0.6949367088607595,0.7784810126582279,0.08354430379746836,0.05696202531645567,0.11012658227848104,positive,positive,supports_tradeoff
qwen2_5_7b,Qwen2.5,7.0,shared_plain_ab_label,primary,mean_confidence,0.76939346979023,0.9572365251606662,0.1878430553704361,0.17755576804066228,0.19788591082367404,positive,positive,supports_tradeoff
qwen2_5_7b,Qwen2.5,7.0,shared_plain_ab_label,primary,overconfidence_gap,0.07445676092947051,0.17875551250243826,0.10429875157296775,0.07713249118584987,0.13104014411227496,positive,positive,supports_tradeoff
qwen2_5_7b,Qwen2.5,7.0,shared_plain_ab_label,primary,brier,0.21657544059807232,0.19525850953307866,-0.02131693106499366,-0.03816734622417969,-0.004249502691405743,negative,negative,supports_tradeoff
qwen2_5_7b,Qwen2.5,7.0,shared_plain_ab_label,primary,nll,0.6482379675059857,1.0673004652428209,0.4190624977368351,0.2902457919650739,0.5523531074818214,positive,positive,supports_tradeoff
qwen2_5_7b,Qwen2.5,7.0,shared_plain_ab_label,primary,ece,0.10801537230791199,0.1787555125024384,0.07074014019452642,0.039695684386732925,0.09650357027796908,positive,positive,supports_tradeoff
qwen2_5_7b,Qwen2.5,7.0,native_prompt_ab_label,sensitivity,accuracy,0.6949367088607595,0.7734177215189874,0.07848101265822782,0.04936708860759487,0.10759493670886078,positive,positive,supports_tradeoff
qwen2_5_7b,Qwen2.5,7.0,native_prompt_ab_label,sensitivity,mean_confidence,0.76939346979023,0.9839509373880603,0.21455746759783023,0.20424848411452737,0.2248803716063539,positive,positive,supports_tradeoff
qwen2_5_7b,Qwen2.5,7.0,native_prompt_ab_label,sensitivity,overconfidence_gap,0.07445676092947051,0.21053321586907292,0.1360764549396024,0.10596941305048276,0.16648751071282258,positive,positive,supports_tradeoff
qwen2_5_7b,Qwen2.5,7.0,native_prompt_ab_label,sensitivity,brier,0.21657544059807232,0.21536633799067753,-0.0012091026073947908,-0.022141971446761444,0.02016938274874286,negative,crosses_or_touches_zero,supports_tradeoff
qwen2_5_7b,Qwen2.5,7.0,native_prompt_ab_label,sensitivity,nll,0.6482379675059857,2.3752213921910497,1.726983424685064,1.3886786684300692,2.0782359934379766,positive,positive,supports_tradeoff
qwen2_5_7b,Qwen2.5,7.0,native_prompt_ab_label,sensitivity,ece,0.10801537230791199,0.21053321586907295,0.10251784356116096,0.0688082343145521,0.13076950821169958,positive,positive,supports_tradeoff
smollm2_1_7b,SmolLM2,1.7,shared_plain_ab_label,primary,accuracy,0.5443037974683544,0.3860759493670886,-0.15822784810126583,-0.1962025316455696,-0.120253164556962,negative,negative,accuracy_and_calibration_worsened
smollm2_1_7b,SmolLM2,1.7,shared_plain_ab_label,primary,mean_confidence,0.6051969029741556,0.8129505998401744,0.20775369686601874,0.1972200732088454,0.2178152766056075,positive,positive,accuracy_and_calibration_worsened
smollm2_1_7b,SmolLM2,1.7,shared_plain_ab_label,primary,overconfidence_gap,0.06089310550580118,0.42687465047308576,0.3659815449672846,0.3262727441184614,0.404720211997788,positive,positive,accuracy_and_calibration_worsened
smollm2_1_7b,SmolLM2,1.7,shared_plain_ab_label,primary,brier,0.25906354434880813,0.44882325805972645,0.18975971371091832,0.16833104947204733,0.2108383334139035,positive,positive,accuracy_and_calibration_worsened
smollm2_1_7b,SmolLM2,1.7,shared_plain_ab_label,primary,nll,0.7146211035136358,1.4306093128648056,0.7159882093511698,0.6351700906388977,0.7969274197732784,positive,positive,accuracy_and_calibration_worsened
smollm2_1_7b,SmolLM2,1.7,shared_plain_ab_label,primary,ece,0.10187437559577513,0.4268746504730858,0.3250002748773107,0.28364160761979057,0.3579930130130693,positive,positive,accuracy_and_calibration_worsened
smollm2_1_7b,SmolLM2,1.7,native_prompt_ab_label,sensitivity,accuracy,0.5443037974683544,0.4151898734177215,-0.12911392405063293,-0.16835443037974684,-0.08860759493670883,negative,negative,accuracy_and_calibration_worsened
smollm2_1_7b,SmolLM2,1.7,native_prompt_ab_label,sensitivity,mean_confidence,0.6051969029741556,0.7363981334472771,0.1312012304731215,0.12102538080990434,0.14127452247006342,positive,positive,accuracy_and_calibration_worsened
smollm2_1_7b,SmolLM2,1.7,native_prompt_ab_label,sensitivity,overconfidence_gap,0.06089310550580118,0.3212082600295556,0.2603151545237544,0.21778949933835504,0.30183034419138527,positive,positive,accuracy_and_calibration_worsened
smollm2_1_7b,SmolLM2,1.7,native_prompt_ab_label,sensitivity,brier,0.25906354434880813,0.3826937301145095,0.1236301857657014,0.10612993564411843,0.14115032869880556,positive,positive,accuracy_and_calibration_worsened
smollm2_1_7b,SmolLM2,1.7,native_prompt_ab_label,sensitivity,nll,0.7146211035136358,1.143907502233052,0.4292863987194162,0.366327518128237,0.4944789475555025,positive,positive,accuracy_and_calibration_worsened
smollm2_1_7b,SmolLM2,1.7,native_prompt_ab_label,sensitivity,ece,0.10187437559577513,0.3212082600295556,0.2193338844337805,0.17705029522935584,0.2528551239133847,positive,positive,accuracy_and_calibration_worsened
