pair_id,family,parameters_billion,benchmark,question_count,protocol,role,metric,base,instruct,delta,ci_low,ci_high,point_sign,ci_sign
mistral_7b_v0_3,Mistral v0.3,7.0,standard,817,shared_plain_ab_label,primary,mc1_accuracy,0.2778457772337821,0.42105263157894735,0.14320685434516522,0.11627906976744184,0.17135862913096694,positive,positive
mistral_7b_v0_3,Mistral v0.3,7.0,standard,817,shared_plain_ab_label,primary,mc2,0.4177307798621102,0.59373451745895,0.1760037375968398,0.1526773559036659,0.19953154539893492,positive,positive
mistral_7b_v0_3,Mistral v0.3,7.0,standard,817,shared_plain_ab_label,primary,mc1_mean_confidence,0.8114237319470434,0.8880154577636127,0.07659172581656926,0.06317326030827762,0.08977867339683401,positive,positive
mistral_7b_v0_3,Mistral v0.3,7.0,standard,817,shared_plain_ab_label,primary,mc1_overconfidence_gap,0.533577954713262,0.4669628261846657,-0.06661512852859625,-0.09560046850712597,-0.03728303344216644,negative,negative
mistral_7b_v0_3,Mistral v0.3,7.0,standard,817,shared_plain_ab_label,primary,mc1_brier,1.2008377015176819,1.0015390802353636,-0.19929862128231823,-0.24248777558035184,-0.1561423818343601,negative,negative
mistral_7b_v0_3,Mistral v0.3,7.0,standard,817,shared_plain_ab_label,primary,mc1_nll,7.215205614845803,6.792481444850865,-0.4227241699949378,-0.7158229730787673,-0.13091416787392576,negative,negative
mistral_7b_v0_3,Mistral v0.3,7.0,standard,817,shared_plain_ab_label,primary,mc1_ece,0.5335779547132619,0.46696282618466506,-0.0666151285285968,-0.09560046850712567,-0.03728303344216661,negative,negative
mistral_7b_v0_3,Mistral v0.3,7.0,standard,817,native_prompt_ab_label,sensitivity,mc1_accuracy,0.2778457772337821,0.5104039167686658,0.2325581395348837,0.19951040391676866,0.26560587515299877,positive,positive
mistral_7b_v0_3,Mistral v0.3,7.0,standard,817,native_prompt_ab_label,sensitivity,mc2,0.4177307798621102,0.6603998195381465,0.2426690396760363,0.21389443796309218,0.27133782969527065,positive,positive
mistral_7b_v0_3,Mistral v0.3,7.0,standard,817,native_prompt_ab_label,sensitivity,mc1_mean_confidence,0.8114237319470434,0.9306423678430502,0.11921863589600679,0.10488599759822816,0.13341278301816334,positive,positive
mistral_7b_v0_3,Mistral v0.3,7.0,standard,817,native_prompt_ab_label,sensitivity,mc1_overconfidence_gap,0.533577954713262,0.420238451074384,-0.11333950363887796,-0.14709176158580425,-0.07845107796606944,negative,negative
mistral_7b_v0_3,Mistral v0.3,7.0,standard,817,native_prompt_ab_label,sensitivity,mc1_brier,1.2008377015176819,0.8936258972141502,-0.3072118043035317,-0.3618331231663188,-0.25169596015189694,negative,negative
mistral_7b_v0_3,Mistral v0.3,7.0,standard,817,native_prompt_ab_label,sensitivity,mc1_nll,7.215205614845803,7.575765190527211,0.3605595756814086,-0.13920222394260529,0.8419236601553307,positive,crosses_or_touches_zero
mistral_7b_v0_3,Mistral v0.3,7.0,standard,817,native_prompt_ab_label,sensitivity,mc1_ece,0.5335779547132619,0.4202384510743841,-0.11333950363887774,-0.14709176158580542,-0.07845107796607075,negative,negative
mistral_7b_v0_3,Mistral v0.3,7.0,binary,790,shared_plain_ab_label,primary,accuracy,0.6658227848101266,0.7582278481012659,0.09240506329113929,0.06075949367088607,0.1240506329113924,positive,positive
mistral_7b_v0_3,Mistral v0.3,7.0,binary,790,shared_plain_ab_label,primary,mean_confidence,0.6279749586640127,0.9117395625425877,0.28376460387857505,0.27438805232518865,0.29330130188378506,positive,positive
mistral_7b_v0_3,Mistral v0.3,7.0,binary,790,shared_plain_ab_label,primary,overconfidence_gap,-0.03784782614611766,0.15351171444132178,0.19135954058743943,0.15914628173729833,0.22359864486379383,positive,positive
mistral_7b_v0_3,Mistral v0.3,7.0,binary,790,shared_plain_ab_label,primary,brier,0.20781088294805428,0.19575047325415898,-0.012060409693895296,-0.03157129985262372,0.008478655932971034,negative,crosses_or_touches_zero
mistral_7b_v0_3,Mistral v0.3,7.0,binary,790,shared_plain_ab_label,primary,nll,0.6008943164038039,0.7583248714093537,0.1574305550055498,0.0630073765886918,0.25350496047535015,positive,positive
mistral_7b_v0_3,Mistral v0.3,7.0,binary,790,shared_plain_ab_label,primary,ece,0.06633367634513206,0.15351171444132178,0.08717803809618972,0.04304136613153591,0.12629388520059898,positive,positive
mistral_7b_v0_3,Mistral v0.3,7.0,binary,790,native_prompt_ab_label,sensitivity,accuracy,0.6658227848101266,0.7645569620253164,0.09873417721518984,0.0620253164556962,0.1354430379746835,positive,positive
mistral_7b_v0_3,Mistral v0.3,7.0,binary,790,native_prompt_ab_label,sensitivity,mean_confidence,0.6279749586640127,0.9815071844704906,0.3535322258064779,0.3452272967821129,0.3616671686019996,positive,positive
mistral_7b_v0_3,Mistral v0.3,7.0,binary,790,native_prompt_ab_label,sensitivity,overconfidence_gap,-0.03784782614611766,0.2169502224451744,0.25479804859129207,0.21831011416455234,0.2908884019703789,positive,positive
mistral_7b_v0_3,Mistral v0.3,7.0,binary,790,native_prompt_ab_label,sensitivity,brier,0.20781088294805428,0.22520761163558503,0.017396728687530755,-0.00827218440791153,0.04338113935156875,positive,crosses_or_touches_zero
mistral_7b_v0_3,Mistral v0.3,7.0,binary,790,native_prompt_ab_label,sensitivity,nll,0.6008943164038039,1.963414460976471,1.3625201445726671,1.0840532022706757,1.6473479791075236,positive,positive
mistral_7b_v0_3,Mistral v0.3,7.0,binary,790,native_prompt_ab_label,sensitivity,ece,0.06633367634513206,0.21695022244517395,0.15061654610004188,0.10534881801898016,0.18918134289007274,positive,positive
olmo2_0425_1b,OLMo-2,1.0,standard,817,shared_plain_ab_label,primary,mc1_accuracy,0.23255813953488372,0.31701346389228885,0.08445532435740513,0.05752753977968178,0.1101591187270502,positive,positive
olmo2_0425_1b,OLMo-2,1.0,standard,817,shared_plain_ab_label,primary,mc2,0.3700931852272721,0.4843566101414222,0.11426342491415009,0.08911324714007862,0.13920165315652722,positive,positive
olmo2_0425_1b,OLMo-2,1.0,standard,817,shared_plain_ab_label,primary,mc1_mean_confidence,0.8088884782787965,0.8770577104084035,0.06816923212960702,0.0543044954901209,0.0821607187865183,positive,positive
olmo2_0425_1b,OLMo-2,1.0,standard,817,shared_plain_ab_label,primary,mc1_overconfidence_gap,0.5763303387439126,0.5600442465161153,-0.01628609222779731,-0.04483032261736446,0.013281240406444782,negative,crosses_or_touches_zero
olmo2_0425_1b,OLMo-2,1.0,standard,817,shared_plain_ab_label,primary,mc1_brier,1.279824378242025,1.2006641097053405,-0.07916026853668456,-0.12154244881419649,-0.03648447002578133,negative,negative
olmo2_0425_1b,OLMo-2,1.0,standard,817,shared_plain_ab_label,primary,mc1_nll,8.121187357104947,8.545798627971404,0.4246112708664569,0.09548973528124063,0.7588164344177556,positive,positive
olmo2_0425_1b,OLMo-2,1.0,standard,817,shared_plain_ab_label,primary,mc1_ece,0.5763303387439124,0.5600442465161152,-0.0162860922277972,-0.04483032261736491,0.01328124040644454,negative,crosses_or_touches_zero
olmo2_0425_1b,OLMo-2,1.0,standard,817,native_prompt_ab_label,sensitivity,mc1_accuracy,0.23255813953488372,0.3268053855569155,0.0942472460220318,0.06609547123623014,0.1211750305997552,positive,positive
olmo2_0425_1b,OLMo-2,1.0,standard,817,native_prompt_ab_label,sensitivity,mc2,0.3700931852272721,0.4872611129558028,0.11716792772853074,0.09120352351145224,0.14274502313519732,positive,positive
olmo2_0425_1b,OLMo-2,1.0,standard,817,native_prompt_ab_label,sensitivity,mc1_mean_confidence,0.8088884782787965,0.8742273726065246,0.0653388943277281,0.05142297469952577,0.07915207035153243,positive,positive
olmo2_0425_1b,OLMo-2,1.0,standard,817,native_prompt_ab_label,sensitivity,mc1_overconfidence_gap,0.5763303387439126,0.5474219870496095,-0.02890835169430306,-0.058890262637092114,0.001045158085224596,negative,crosses_or_touches_zero
olmo2_0425_1b,OLMo-2,1.0,standard,817,native_prompt_ab_label,sensitivity,mc1_brier,1.279824378242025,1.195268553401126,-0.08455582484089907,-0.1275583138232439,-0.04113522835422368,negative,negative
olmo2_0425_1b,OLMo-2,1.0,standard,817,native_prompt_ab_label,sensitivity,mc1_nll,8.121187357104947,8.520543624777767,0.39935626767281995,0.059252069939505034,0.7401477186541843,positive,positive
olmo2_0425_1b,OLMo-2,1.0,standard,817,native_prompt_ab_label,sensitivity,mc1_ece,0.5763303387439124,0.5474219870496092,-0.02890835169430317,-0.05889026263709192,0.0010451580852250235,negative,crosses_or_touches_zero
olmo2_0425_1b,OLMo-2,1.0,binary,790,shared_plain_ab_label,primary,accuracy,0.49873417721518987,0.45949367088607596,-0.03924050632911391,-0.07721518987341769,-0.0025316455696202667,negative,negative
olmo2_0425_1b,OLMo-2,1.0,binary,790,shared_plain_ab_label,primary,mean_confidence,0.6747992964927411,0.7639370014284201,0.08913770493567907,0.077247153900401,0.1006930869962264,positive,positive
olmo2_0425_1b,OLMo-2,1.0,binary,790,shared_plain_ab_label,primary,overconfidence_gap,0.17606511927754986,0.3044433305423452,0.12837821126479532,0.08972816025664572,0.16764689918946185,positive,positive
olmo2_0425_1b,OLMo-2,1.0,binary,790,shared_plain_ab_label,primary,brier,0.28872382124985563,0.36851913691641563,0.07979531566656001,0.06150766371531117,0.09852884895833385,positive,positive
olmo2_0425_1b,OLMo-2,1.0,binary,790,shared_plain_ab_label,primary,nll,0.7900640172168315,1.188575104589142,0.39851108737231045,0.3229145555384866,0.4765259667884443,positive,positive
olmo2_0425_1b,OLMo-2,1.0,binary,790,shared_plain_ab_label,primary,ece,0.1760651192775492,0.30444333054234396,0.12837821126479476,0.08601688618855469,0.15617886889683644,positive,positive
olmo2_0425_1b,OLMo-2,1.0,binary,790,native_prompt_ab_label,sensitivity,accuracy,0.49873417721518987,0.5025316455696203,0.0037974683544304,-0.03164556962025311,0.03797468354430383,positive,crosses_or_touches_zero
olmo2_0425_1b,OLMo-2,1.0,binary,790,native_prompt_ab_label,sensitivity,mean_confidence,0.6747992964927411,0.8302965625980108,0.1554972661052697,0.14537379253989086,0.16545565123897646,positive,positive
olmo2_0425_1b,OLMo-2,1.0,binary,790,native_prompt_ab_label,sensitivity,overconfidence_gap,0.17606511927754986,0.3277649170283926,0.15169979775084275,0.11572786312171926,0.1883914830745494,positive,positive
olmo2_0425_1b,OLMo-2,1.0,binary,790,native_prompt_ab_label,sensitivity,brier,0.28872382124985563,0.37675563479613794,0.08803181354628231,0.06697195121985214,0.10860635665124897,positive,positive
olmo2_0425_1b,OLMo-2,1.0,binary,790,native_prompt_ab_label,sensitivity,nll,0.7900640172168315,1.1607461797098144,0.3706821624929829,0.30128506069631195,0.43887760027631667,positive,positive
olmo2_0425_1b,OLMo-2,1.0,binary,790,native_prompt_ab_label,sensitivity,ece,0.1760651192775492,0.3277649170283914,0.1516997977508422,0.10902062640263231,0.17744642442564806,positive,positive
olmo2_1124_7b,OLMo-2,7.0,standard,817,shared_plain_ab_label,primary,mc1_accuracy,0.2876376988984088,0.38922888616891066,0.10159118727050187,0.07466340269277844,0.12851897184822525,positive,positive
olmo2_1124_7b,OLMo-2,7.0,standard,817,shared_plain_ab_label,primary,mc2,0.4331706349721948,0.5450019949131005,0.1118313599409057,0.08793999483687488,0.13573574100819305,positive,positive
olmo2_1124_7b,OLMo-2,7.0,standard,817,shared_plain_ab_label,primary,mc1_mean_confidence,0.8108364673952921,0.8981722548671507,0.08733578747185855,0.07347573751727794,0.10091906346336775,positive,positive
olmo2_1124_7b,OLMo-2,7.0,standard,817,shared_plain_ab_label,primary,mc1_overconfidence_gap,0.5231987684968823,0.5089433686982396,-0.014255399798642654,-0.04255872605133943,0.01421647177790994,negative,crosses_or_touches_zero
olmo2_1124_7b,OLMo-2,7.0,standard,817,shared_plain_ab_label,primary,mc1_brier,1.1804241570856533,1.0931809301640778,-0.08724322692157549,-0.12930020626992433,-0.04537417424083405,negative,negative
olmo2_1124_7b,OLMo-2,7.0,standard,817,shared_plain_ab_label,primary,mc1_nll,6.7084474386752975,8.204927174586064,1.4964797359107669,1.1533832012007557,1.8357272271358702,positive,positive
olmo2_1124_7b,OLMo-2,7.0,standard,817,shared_plain_ab_label,primary,mc1_ece,0.5231987684968825,0.50894336869824,-0.014255399798642543,-0.042558726051339195,0.014216471777910814,negative,crosses_or_touches_zero
olmo2_1124_7b,OLMo-2,7.0,standard,817,native_prompt_ab_label,sensitivity,mc1_accuracy,0.2876376988984088,0.39412484700122397,0.10648714810281518,0.07711138310893512,0.13708690330477352,positive,positive
olmo2_1124_7b,OLMo-2,7.0,standard,817,native_prompt_ab_label,sensitivity,mc2,0.4331706349721948,0.5608704276774787,0.12769979270528392,0.10078310178282553,0.15490970446511113,positive,positive
olmo2_1124_7b,OLMo-2,7.0,standard,817,native_prompt_ab_label,sensitivity,mc1_mean_confidence,0.8108364673952921,0.9091620191295718,0.0983255517342797,0.08437164580107469,0.1123025465734106,positive,positive
olmo2_1124_7b,OLMo-2,7.0,standard,817,native_prompt_ab_label,sensitivity,mc1_overconfidence_gap,0.5231987684968823,0.515037172128348,-0.008161596368534307,-0.03991924184871232,0.02310777428657901,negative,crosses_or_touches_zero
olmo2_1124_7b,OLMo-2,7.0,standard,817,native_prompt_ab_label,sensitivity,mc1_brier,1.1804241570856533,1.0903087482062106,-0.0901154088794427,-0.14056147520092957,-0.040076067549805756,negative,negative
olmo2_1124_7b,OLMo-2,7.0,standard,817,native_prompt_ab_label,sensitivity,mc1_nll,6.7084474386752975,8.683982810545263,1.9755353718699658,1.5620560597421926,2.391641908708007,positive,positive
olmo2_1124_7b,OLMo-2,7.0,standard,817,native_prompt_ab_label,sensitivity,mc1_ece,0.5231987684968825,0.5150371721283482,-0.008161596368534307,-0.039919241848713635,0.023107774286579133,negative,crosses_or_touches_zero
olmo2_1124_7b,OLMo-2,7.0,binary,790,shared_plain_ab_label,primary,accuracy,0.6303797468354431,0.6835443037974683,0.05316455696202527,0.025316455696202445,0.08227848101265822,positive,positive
olmo2_1124_7b,OLMo-2,7.0,binary,790,shared_plain_ab_label,primary,mean_confidence,0.7502071158840635,0.9161496384847873,0.16594252260072373,0.15565623658962544,0.17618678989799474,positive,positive
olmo2_1124_7b,OLMo-2,7.0,binary,790,shared_plain_ab_label,primary,overconfidence_gap,0.11982736904862093,0.2326053346873184,0.11277796563869746,0.08250752604312632,0.14190443193044747,positive,positive
olmo2_1124_7b,OLMo-2,7.0,binary,790,shared_plain_ab_label,primary,brier,0.24601343106655973,0.26398297342507776,0.017969542358518026,7.566164125651856e-06,0.036325786596067916,positive,positive
olmo2_1124_7b,OLMo-2,7.0,binary,790,shared_plain_ab_label,primary,nll,0.7179176852849996,1.2347988984258544,0.5168812131408549,0.40123277622485065,0.6423594943729445,positive,positive
olmo2_1124_7b,OLMo-2,7.0,binary,790,shared_plain_ab_label,primary,ece,0.12600829710847647,0.2326053346873184,0.10659703757884192,0.07489636728583224,0.1310156025699612,positive,positive
olmo2_1124_7b,OLMo-2,7.0,binary,790,native_prompt_ab_label,sensitivity,accuracy,0.6303797468354431,0.6531645569620254,0.02278481012658229,-0.016455696202531622,0.06329113924050633,positive,crosses_or_touches_zero
olmo2_1124_7b,OLMo-2,7.0,binary,790,native_prompt_ab_label,sensitivity,mean_confidence,0.7502071158840635,0.8813402014579397,0.13113308557387615,0.11780842190889745,0.1445926003288754,positive,positive
olmo2_1124_7b,OLMo-2,7.0,binary,790,native_prompt_ab_label,sensitivity,overconfidence_gap,0.11982736904862093,0.22817564449591476,0.10834827544729383,0.06679566480324906,0.1489534920666372,positive,positive
olmo2_1124_7b,OLMo-2,7.0,binary,790,native_prompt_ab_label,sensitivity,brier,0.24601343106655973,0.2818648801692312,0.03585144910267149,0.010099210632873997,0.061119125924065085,positive,positive
olmo2_1124_7b,OLMo-2,7.0,binary,790,native_prompt_ab_label,sensitivity,nll,0.7179176852849996,1.16590549353404,0.4479878082490405,0.33128456363679315,0.5687732787699403,positive,positive
olmo2_1124_7b,OLMo-2,7.0,binary,790,native_prompt_ab_label,sensitivity,ece,0.12600829710847647,0.2281756444959149,0.10216734738743843,0.06055770952797949,0.13707109673154988,positive,positive
qwen2_5_0_5b,Qwen2.5,0.5,standard,817,shared_plain_ab_label,primary,mc1_accuracy,0.25091799265605874,0.26560587515299877,0.01468788249694003,-0.0036719706242350214,0.033047735618115054,positive,crosses_or_touches_zero
qwen2_5_0_5b,Qwen2.5,0.5,standard,817,shared_plain_ab_label,primary,mc2,0.3973068613803567,0.4183767121237111,0.02106985074335438,0.008162085075383648,0.034301582994289,positive,positive
qwen2_5_0_5b,Qwen2.5,0.5,standard,817,shared_plain_ab_label,primary,mc1_mean_confidence,0.8327531358598039,0.8401886627233475,0.00743552686354354,-0.0021612016630081663,0.016948648335410994,positive,crosses_or_touches_zero
qwen2_5_0_5b,Qwen2.5,0.5,standard,817,shared_plain_ab_label,primary,mc1_overconfidence_gap,0.5818351432037441,0.5745827875703488,-0.007252355633395324,-0.02694665055124789,0.012118024878226816,negative,crosses_or_touches_zero
qwen2_5_0_5b,Qwen2.5,0.5,standard,817,shared_plain_ab_label,primary,mc1_brier,1.27027045039298,1.2582012015193658,-0.012069248873614269,-0.034134646529937814,0.00985632220099081,negative,crosses_or_touches_zero
qwen2_5_0_5b,Qwen2.5,0.5,standard,817,shared_plain_ab_label,primary,mc1_nll,9.110277410799064,9.056854854067872,-0.05342255673119212,-0.18450104985903254,0.07732017201198375,negative,crosses_or_touches_zero
qwen2_5_0_5b,Qwen2.5,0.5,standard,817,shared_plain_ab_label,primary,mc1_ece,0.581835143203745,0.5745827875703484,-0.0072523556333965455,-0.026946650551248348,0.012118024878225617,negative,crosses_or_touches_zero
qwen2_5_0_5b,Qwen2.5,0.5,standard,817,native_prompt_ab_label,sensitivity,mc1_accuracy,0.25091799265605874,0.2998776009791922,0.04895960832313345,0.02692778457772338,0.07099143206854344,positive,positive
qwen2_5_0_5b,Qwen2.5,0.5,standard,817,native_prompt_ab_label,sensitivity,mc2,0.3973068613803567,0.4601379226420625,0.06283106126170579,0.04577666926984906,0.07964771935341694,positive,positive
qwen2_5_0_5b,Qwen2.5,0.5,standard,817,native_prompt_ab_label,sensitivity,mc1_mean_confidence,0.8327531358598039,0.8477633951845915,0.015010259324787611,0.0033914936283710034,0.026788654536765117,positive,positive
qwen2_5_0_5b,Qwen2.5,0.5,standard,817,native_prompt_ab_label,sensitivity,mc1_overconfidence_gap,0.5818351432037441,0.5478857942053995,-0.033949348998344564,-0.0592324479641987,-0.008959480003857784,negative,negative
qwen2_5_0_5b,Qwen2.5,0.5,standard,817,native_prompt_ab_label,sensitivity,mc1_brier,1.27027045039298,1.20436223113932,-0.06590821925365997,-0.09739618508354796,-0.0339677922248852,negative,negative
qwen2_5_0_5b,Qwen2.5,0.5,standard,817,native_prompt_ab_label,sensitivity,mc1_nll,9.110277410799064,9.36626862082977,0.2559912100307056,0.03978648113699714,0.471037570466158,positive,positive
qwen2_5_0_5b,Qwen2.5,0.5,standard,817,native_prompt_ab_label,sensitivity,mc1_ece,0.581835143203745,0.5478857942053993,-0.033949348998345674,-0.05923244796419938,-0.008959480003857706,negative,negative
qwen2_5_0_5b,Qwen2.5,0.5,binary,790,shared_plain_ab_label,primary,accuracy,0.5050632911392405,0.46455696202531643,-0.0405063291139241,-0.06712025316455701,-0.013924050632911411,negative,negative
qwen2_5_0_5b,Qwen2.5,0.5,binary,790,shared_plain_ab_label,primary,mean_confidence,0.7797609637619815,0.7099311739778994,-0.06982978978408205,-0.07769649854084186,-0.06190372909027745,negative,negative
qwen2_5_0_5b,Qwen2.5,0.5,binary,790,shared_plain_ab_label,primary,overconfidence_gap,0.27469767262274203,0.24537421195258333,-0.029323460670158702,-0.057253884603463596,-0.0009102650057531559,negative,negative
qwen2_5_0_5b,Qwen2.5,0.5,binary,790,shared_plain_ab_label,primary,brier,0.34199076254209765,0.3293636553647679,-0.012627107177329733,-0.024207693724556993,-0.0009813965818229727,negative,negative
qwen2_5_0_5b,Qwen2.5,0.5,binary,790,shared_plain_ab_label,primary,nll,0.9624496902504662,0.9089612044677794,-0.053488485782686834,-0.08412052511392017,-0.022499489660583766,negative,negative
qwen2_5_0_5b,Qwen2.5,0.5,binary,790,shared_plain_ab_label,primary,ece,0.2746976726227415,0.2453789946409749,-0.029318677981766572,-0.049783507260425686,0.004219947794696303,negative,crosses_or_touches_zero
qwen2_5_0_5b,Qwen2.5,0.5,binary,790,native_prompt_ab_label,sensitivity,accuracy,0.5050632911392405,0.43924050632911393,-0.0658227848101266,-0.10253164556962024,-0.030379746835443033,negative,negative
qwen2_5_0_5b,Qwen2.5,0.5,binary,790,native_prompt_ab_label,sensitivity,mean_confidence,0.7797609637619815,0.8011691305594159,0.021408166797434403,0.008656866823124719,0.03387600334525761,positive,positive
qwen2_5_0_5b,Qwen2.5,0.5,binary,790,native_prompt_ab_label,sensitivity,overconfidence_gap,0.27469767262274203,0.36192862423030164,0.08723095160755961,0.04911869558661169,0.12559955692471314,positive,positive
qwen2_5_0_5b,Qwen2.5,0.5,binary,790,native_prompt_ab_label,sensitivity,brier,0.34199076254209765,0.4142711929118611,0.07228043036976345,0.0497131848809872,0.09514843724150883,positive,positive
qwen2_5_0_5b,Qwen2.5,0.5,binary,790,native_prompt_ab_label,sensitivity,nll,0.9624496902504662,1.4147779317587035,0.45232824150823725,0.361186720725632,0.5436083336876019,positive,positive
qwen2_5_0_5b,Qwen2.5,0.5,binary,790,native_prompt_ab_label,sensitivity,ece,0.2746976726227415,0.36192862423030114,0.08723095160755967,0.04907276759160594,0.12374872415016122,positive,positive
qwen2_5_1_5b,Qwen2.5,1.5,standard,817,shared_plain_ab_label,primary,mc1_accuracy,0.30354957160342716,0.3084455324357405,0.004895960832313362,-0.008567931456548328,0.017166462668298223,positive,crosses_or_touches_zero
qwen2_5_1_5b,Qwen2.5,1.5,standard,817,shared_plain_ab_label,primary,mc2,0.46516262980856815,0.4675925321079779,0.0024299022994097585,-0.006959810525335173,0.01163889901377384,positive,crosses_or_touches_zero
qwen2_5_1_5b,Qwen2.5,1.5,standard,817,shared_plain_ab_label,primary,mc1_mean_confidence,0.8399160970973512,0.8551302207334411,0.015214123636089982,0.006983662859122075,0.023488061297804456,positive,positive
qwen2_5_1_5b,Qwen2.5,1.5,standard,817,shared_plain_ab_label,primary,mc1_overconfidence_gap,0.5363665254939242,0.5466846882977006,0.010318162803776398,-0.004942762201499187,0.026054610191966903,positive,crosses_or_touches_zero
qwen2_5_1_5b,Qwen2.5,1.5,standard,817,shared_plain_ab_label,primary,mc1_brier,1.17205455983474,1.1700961500307399,-0.001958409804000194,-0.019806455331074103,0.015993988426670366,negative,crosses_or_touches_zero
qwen2_5_1_5b,Qwen2.5,1.5,standard,817,shared_plain_ab_label,primary,mc1_nll,7.704185144346328,7.830237753218317,0.12605260887198977,0.01889173690242363,0.23796306852160187,positive,positive
qwen2_5_1_5b,Qwen2.5,1.5,standard,817,shared_plain_ab_label,primary,mc1_ece,0.5363665254939237,0.5466846882977004,0.010318162803776731,-0.004942762201498549,0.026054610191966622,positive,crosses_or_touches_zero
qwen2_5_1_5b,Qwen2.5,1.5,standard,817,native_prompt_ab_label,sensitivity,mc1_accuracy,0.30354957160342716,0.3023255813953488,-0.0012239902080783405,-0.022031823745410017,0.019583843329253336,negative,crosses_or_touches_zero
qwen2_5_1_5b,Qwen2.5,1.5,standard,817,native_prompt_ab_label,sensitivity,mc2,0.46516262980856815,0.46915405974186225,0.0039914299332940995,-0.012574048133107913,0.0204681227602831,positive,crosses_or_touches_zero
qwen2_5_1_5b,Qwen2.5,1.5,standard,817,native_prompt_ab_label,sensitivity,mc1_mean_confidence,0.8399160970973512,0.8712370343927931,0.03132093729544194,0.019760321281749826,0.04299231263783219,positive,positive
qwen2_5_1_5b,Qwen2.5,1.5,standard,817,native_prompt_ab_label,sensitivity,mc1_overconfidence_gap,0.5363665254939242,0.5689114529974446,0.03254492750352045,0.009521745614206685,0.05580194069098401,positive,positive
qwen2_5_1_5b,Qwen2.5,1.5,standard,817,native_prompt_ab_label,sensitivity,mc1_brier,1.17205455983474,1.2096729990536408,0.037618439218900734,0.009362604953683785,0.06605368617818541,positive,positive
qwen2_5_1_5b,Qwen2.5,1.5,standard,817,native_prompt_ab_label,sensitivity,mc1_nll,7.704185144346328,9.19721318563141,1.4930280412850827,1.264939051546257,1.7305551497263831,positive,positive
qwen2_5_1_5b,Qwen2.5,1.5,standard,817,native_prompt_ab_label,sensitivity,mc1_ece,0.5363665254939237,0.5689114529974453,0.03254492750352156,0.009521745614207012,0.055801940690984236,positive,positive
qwen2_5_1_5b,Qwen2.5,1.5,binary,790,shared_plain_ab_label,primary,accuracy,0.5392405063291139,0.5873417721518988,0.048101265822784844,0.015189873417721489,0.08227848101265822,positive,positive
qwen2_5_1_5b,Qwen2.5,1.5,binary,790,shared_plain_ab_label,primary,mean_confidence,0.7307207020437896,0.8583642701297288,0.12764356808593924,0.116682077519656,0.13821384471918005,positive,positive
qwen2_5_1_5b,Qwen2.5,1.5,binary,790,shared_plain_ab_label,primary,overconfidence_gap,0.19148019571467492,0.27102249797783123,0.07954230226315631,0.04456029521572965,0.1140807396307682,positive,positive
qwen2_5_1_5b,Qwen2.5,1.5,binary,790,shared_plain_ab_label,primary,brier,0.2966512957415574,0.32775619448058163,0.031104898739024223,0.012605484412245588,0.04922108293276511,positive,positive
qwen2_5_1_5b,Qwen2.5,1.5,binary,790,shared_plain_ab_label,primary,nll,0.8554072626967624,1.1612032029458348,0.3057959402490724,0.23163470843869252,0.37910823033900504,positive,positive
qwen2_5_1_5b,Qwen2.5,1.5,binary,790,shared_plain_ab_label,primary,ece,0.19148019571467464,0.2710426995419605,0.07956250382728583,0.047464294520407596,0.1101878157904158,positive,positive
qwen2_5_1_5b,Qwen2.5,1.5,binary,790,native_prompt_ab_label,sensitivity,accuracy,0.5392405063291139,0.5784810126582278,0.03924050632911391,0.0012658227848101333,0.07848101265822782,positive,positive
qwen2_5_1_5b,Qwen2.5,1.5,binary,790,native_prompt_ab_label,sensitivity,mean_confidence,0.7307207020437896,0.9296760395028987,0.1989553374591091,0.1871888592615426,0.2105652957814122,positive,positive
qwen2_5_1_5b,Qwen2.5,1.5,binary,790,native_prompt_ab_label,sensitivity,overconfidence_gap,0.19148019571467492,0.35119502684467313,0.1597148311299982,0.1205776151263161,0.19890859593078772,positive,positive
qwen2_5_1_5b,Qwen2.5,1.5,binary,790,native_prompt_ab_label,sensitivity,brier,0.2966512957415574,0.3737464101115566,0.07709511436999922,0.0506636103793062,0.10274747374312831,positive,positive
qwen2_5_1_5b,Qwen2.5,1.5,binary,790,native_prompt_ab_label,sensitivity,nll,0.8554072626967624,2.1761324885151327,1.3207252258183704,1.1178598398493622,1.5271002666348583,positive,positive
qwen2_5_1_5b,Qwen2.5,1.5,binary,790,native_prompt_ab_label,sensitivity,ece,0.19148019571467464,0.3511950268446722,0.15971483112999754,0.12038378158828353,0.19381183232546892,positive,positive
qwen2_5_7b,Qwen2.5,7.0,standard,817,shared_plain_ab_label,primary,mc1_accuracy,0.3880048959608323,0.47980416156670747,0.09179926560587515,0.06731946144430845,0.11750305997552019,positive,positive
qwen2_5_7b,Qwen2.5,7.0,standard,817,shared_plain_ab_label,primary,mc2,0.5637923662069417,0.6483184055344733,0.08452603932753155,0.0648386997965398,0.10438337422266014,positive,positive
qwen2_5_7b,Qwen2.5,7.0,standard,817,shared_plain_ab_label,primary,mc1_mean_confidence,0.8601731173360165,0.9188783034072107,0.058705186071194126,0.04662410909534552,0.0709877129170316,positive,positive
qwen2_5_7b,Qwen2.5,7.0,standard,817,shared_plain_ab_label,primary,mc1_overconfidence_gap,0.4721682213751845,0.43907414184050303,-0.033094079534681464,-0.06004367694560516,-0.00611342546763205,negative,negative
qwen2_5_7b,Qwen2.5,7.0,standard,817,shared_plain_ab_label,primary,mc1_brier,1.0466869991133,0.9338647952105147,-0.11282220390278541,-0.15543456110403323,-0.0723021452258154,negative,negative
qwen2_5_7b,Qwen2.5,7.0,standard,817,shared_plain_ab_label,primary,mc1_nll,6.298745853235751,7.661607110268234,1.362861257032483,1.0308779743536827,1.7090062236040267,positive,positive
qwen2_5_7b,Qwen2.5,7.0,standard,817,shared_plain_ab_label,primary,mc1_ece,0.4721682213751845,0.43907414184050336,-0.03309407953468113,-0.06004367694560525,-0.00611342546763152,negative,negative
qwen2_5_7b,Qwen2.5,7.0,standard,817,native_prompt_ab_label,sensitivity,mc1_accuracy,0.3880048959608323,0.4663402692778458,0.07833537331701346,0.047735618115055056,0.10893512851897186,positive,positive
qwen2_5_7b,Qwen2.5,7.0,standard,817,native_prompt_ab_label,sensitivity,mc2,0.5637923662069417,0.6239532066163753,0.06016084040943359,0.03391256439452881,0.08536057741236971,positive,positive
qwen2_5_7b,Qwen2.5,7.0,standard,817,native_prompt_ab_label,sensitivity,mc1_mean_confidence,0.8601731173360165,0.939000845274057,0.07882772793804049,0.06626553747327707,0.0916917717597063,positive,positive
qwen2_5_7b,Qwen2.5,7.0,standard,817,native_prompt_ab_label,sensitivity,mc1_overconfidence_gap,0.4721682213751845,0.4726605759962101,0.0004923546210255925,-0.032253203088689765,0.03273583986852741,positive,crosses_or_touches_zero
qwen2_5_7b,Qwen2.5,7.0,standard,817,native_prompt_ab_label,sensitivity,mc1_brier,1.0466869991133,0.987915602543045,-0.0587713965702551,-0.11253068538395913,-0.005022932168480574,negative,negative
qwen2_5_7b,Qwen2.5,7.0,standard,817,native_prompt_ab_label,sensitivity,mc1_nll,6.298745853235751,10.06430142658536,3.7655555733496087,3.1796413468091846,4.354267012920879,positive,positive
qwen2_5_7b,Qwen2.5,7.0,standard,817,native_prompt_ab_label,sensitivity,mc1_ece,0.4721682213751845,0.4726605759962101,0.0004923546210255925,-0.03225320308868916,0.032735839868528356,positive,crosses_or_touches_zero
qwen2_5_7b,Qwen2.5,7.0,binary,790,shared_plain_ab_label,primary,accuracy,0.6949367088607595,0.7784810126582279,0.08354430379746836,0.05696202531645567,0.11012658227848104,positive,positive
qwen2_5_7b,Qwen2.5,7.0,binary,790,shared_plain_ab_label,primary,mean_confidence,0.7693934697902313,0.9572365251606662,0.18784305537043489,0.17755576804066228,0.19788591082367404,positive,positive
qwen2_5_7b,Qwen2.5,7.0,binary,790,shared_plain_ab_label,primary,overconfidence_gap,0.07445676092947051,0.17875551250243826,0.10429875157296775,0.07713249118584987,0.13104014411227496,positive,positive
qwen2_5_7b,Qwen2.5,7.0,binary,790,shared_plain_ab_label,primary,brier,0.2165754405980721,0.1952585095330783,-0.0213169310649938,-0.03816734622417969,-0.004249502691405743,negative,negative
qwen2_5_7b,Qwen2.5,7.0,binary,790,shared_plain_ab_label,primary,nll,0.6482379675059871,1.0673004652428213,0.41906249773683424,0.2902457919650739,0.5523531074818214,positive,positive
qwen2_5_7b,Qwen2.5,7.0,binary,790,shared_plain_ab_label,primary,ece,0.10801537230791197,0.17875551250243832,0.07074014019452635,0.039695684386732925,0.09650357027796908,positive,positive
qwen2_5_7b,Qwen2.5,7.0,binary,790,native_prompt_ab_label,sensitivity,accuracy,0.6949367088607595,0.7734177215189874,0.07848101265822782,0.04936708860759487,0.10759493670886078,positive,positive
qwen2_5_7b,Qwen2.5,7.0,binary,790,native_prompt_ab_label,sensitivity,mean_confidence,0.7693934697902313,0.9839509373880595,0.21455746759782823,0.20424848411452737,0.2248803716063539,positive,positive
qwen2_5_7b,Qwen2.5,7.0,binary,790,native_prompt_ab_label,sensitivity,overconfidence_gap,0.07445676092947051,0.21053321586907336,0.13607645493960285,0.10596941305048276,0.16648751071282258,positive,positive
qwen2_5_7b,Qwen2.5,7.0,binary,790,native_prompt_ab_label,sensitivity,brier,0.2165754405980721,0.21536633799067767,-0.00120910260739443,-0.022141971446761444,0.02016938274874286,negative,crosses_or_touches_zero
qwen2_5_7b,Qwen2.5,7.0,binary,790,native_prompt_ab_label,sensitivity,nll,0.6482379675059871,2.375221392191047,1.72698342468506,1.3886786684300692,2.0782359934379766,positive,positive
qwen2_5_7b,Qwen2.5,7.0,binary,790,native_prompt_ab_label,sensitivity,ece,0.10801537230791197,0.21053321586907292,0.10251784356116095,0.0688082343145521,0.13076950821169958,positive,positive
qwen2_5_14b,Qwen2.5,14.0,standard,817,shared_plain_ab_label,primary,mc1_accuracy,0.40024479804161567,0.5140758873929009,0.11383108935128522,0.08690330477356184,0.14075887392900854,positive,positive
qwen2_5_14b,Qwen2.5,14.0,standard,817,shared_plain_ab_label,primary,mc2,0.5842432185362634,0.689979870192905,0.10573665165664159,0.087355451508074,0.12419383256561828,positive,positive
qwen2_5_14b,Qwen2.5,14.0,standard,817,shared_plain_ab_label,primary,mc1_mean_confidence,0.8519012432670513,0.9110663818527382,0.05916513858568695,0.0466691789755383,0.07148151700780406,positive,positive
qwen2_5_14b,Qwen2.5,14.0,standard,817,shared_plain_ab_label,primary,mc1_overconfidence_gap,0.45165644522543524,0.3969904944598372,-0.05466595076559805,-0.08151418566158872,-0.027956154855486488,negative,negative
qwen2_5_14b,Qwen2.5,14.0,standard,817,shared_plain_ab_label,primary,mc1_brier,1.016320473141453,0.845696258067879,-0.17062421507357406,-0.211053265085216,-0.12987790353396764,negative,negative
qwen2_5_14b,Qwen2.5,14.0,standard,817,shared_plain_ab_label,primary,mc1_nll,5.857057233507633,5.962229922532185,0.10517268902455168,-0.18588575838755395,0.40030492915652804,positive,crosses_or_touches_zero
qwen2_5_14b,Qwen2.5,14.0,standard,817,shared_plain_ab_label,primary,mc1_ece,0.45165644522543535,0.39699049445983686,-0.05466595076559849,-0.08151418566158859,-0.02795615485548644,negative,negative
qwen2_5_14b,Qwen2.5,14.0,standard,817,native_prompt_ab_label,sensitivity,mc1_accuracy,0.40024479804161567,0.5397796817625459,0.1395348837209302,0.10526315789473684,0.17380660954712362,positive,positive
qwen2_5_14b,Qwen2.5,14.0,standard,817,native_prompt_ab_label,sensitivity,mc2,0.5842432185362634,0.6970248290090263,0.11278161047276292,0.08703087768660872,0.13876309664789013,positive,positive
qwen2_5_14b,Qwen2.5,14.0,standard,817,native_prompt_ab_label,sensitivity,mc1_mean_confidence,0.8519012432670513,0.9613667962956886,0.10946555302863725,0.09678215417072941,0.12192719208027615,positive,positive
qwen2_5_14b,Qwen2.5,14.0,standard,817,native_prompt_ab_label,sensitivity,mc1_overconfidence_gap,0.45165644522543524,0.4215871145331414,-0.03006933069229384,-0.06443824412964866,0.0037423793125760745,negative,crosses_or_touches_zero
qwen2_5_14b,Qwen2.5,14.0,standard,817,native_prompt_ab_label,sensitivity,mc1_brier,1.016320473141453,0.8660961996618113,-0.15022427347964173,-0.21063711154738793,-0.09069184727384628,negative,negative
qwen2_5_14b,Qwen2.5,14.0,standard,817,native_prompt_ab_label,sensitivity,mc1_nll,5.857057233507633,10.298913225707986,4.441855992200353,3.6142612980616304,5.274984999164768,positive,positive
qwen2_5_14b,Qwen2.5,14.0,standard,817,native_prompt_ab_label,sensitivity,mc1_ece,0.45165644522543535,0.4215871145331419,-0.03006933069229345,-0.0644382441296487,0.0037423793125753698,negative,crosses_or_touches_zero
qwen2_5_14b,Qwen2.5,14.0,binary,790,shared_plain_ab_label,primary,accuracy,0.7860759493670886,0.8177215189873418,0.03164556962025322,0.008860759493670933,0.05443037974683551,positive,positive
qwen2_5_14b,Qwen2.5,14.0,binary,790,shared_plain_ab_label,primary,mean_confidence,0.8335392335288113,0.9790419651388513,0.14550273161004001,0.1354094814272525,0.1556719162658742,positive,positive
qwen2_5_14b,Qwen2.5,14.0,binary,790,shared_plain_ab_label,primary,overconfidence_gap,0.047463284161722054,0.1613204461515102,0.11385716198978815,0.08963611955150617,0.13795116025048246,positive,positive
qwen2_5_14b,Qwen2.5,14.0,binary,790,shared_plain_ab_label,primary,brier,0.16237999148337218,0.16667166948327433,0.004291677999902155,-0.012752151721306433,0.0214595030057454,positive,crosses_or_touches_zero
qwen2_5_14b,Qwen2.5,14.0,binary,790,shared_plain_ab_label,primary,nll,0.520906910245509,1.1644215023849032,0.6435145921393942,0.4827909008115055,0.8103415701581956,positive,positive
qwen2_5_14b,Qwen2.5,14.0,binary,790,shared_plain_ab_label,primary,ece,0.05979184964203673,0.1613204461515102,0.10152859650947346,0.06267313750750908,0.11580824387951387,positive,positive
qwen2_5_14b,Qwen2.5,14.0,binary,790,native_prompt_ab_label,sensitivity,accuracy,0.7860759493670886,0.8734177215189873,0.08734177215189876,0.0620253164556962,0.11265822784810131,positive,positive
qwen2_5_14b,Qwen2.5,14.0,binary,790,native_prompt_ab_label,sensitivity,mean_confidence,0.8335392335288113,0.9939639484123216,0.1604247148835103,0.15034127842805514,0.17037651796119135,positive,positive
qwen2_5_14b,Qwen2.5,14.0,binary,790,native_prompt_ab_label,sensitivity,overconfidence_gap,0.047463284161722054,0.1205462268933335,0.07308294273161145,0.04669803412164765,0.09962702202233488,positive,positive
qwen2_5_14b,Qwen2.5,14.0,binary,790,native_prompt_ab_label,sensitivity,brier,0.16237999148337218,0.12031356012452708,-0.042066431358845094,-0.06163338553908367,-0.02247069609451095,negative,negative
qwen2_5_14b,Qwen2.5,14.0,binary,790,native_prompt_ab_label,sensitivity,nll,0.520906910245509,2.1126614544871054,1.5917545442415966,1.1845606339795425,2.022343928535099,positive,positive
qwen2_5_14b,Qwen2.5,14.0,binary,790,native_prompt_ab_label,sensitivity,ece,0.05979184964203673,0.12054622689333325,0.06075437725129652,0.022017532877940053,0.0758295331407259,positive,positive
qwen2_5_32b,Qwen2.5,32.0,standard,817,shared_plain_ab_label,primary,mc1_accuracy,0.40269277845777235,0.4847001223990208,0.08200734394124848,0.05752753977968178,0.10648714810281512,positive,positive
qwen2_5_32b,Qwen2.5,32.0,standard,817,shared_plain_ab_label,primary,mc2,0.5779841015120993,0.6568354524261357,0.07885135091403639,0.060812678512106484,0.09685383187898444,positive,positive
qwen2_5_32b,Qwen2.5,32.0,standard,817,shared_plain_ab_label,primary,mc1_mean_confidence,0.84928561418909,0.8964578883152241,0.04717227412613412,0.03508034349916065,0.059632934185126135,positive,positive
qwen2_5_32b,Qwen2.5,32.0,standard,817,shared_plain_ab_label,primary,mc1_overconfidence_gap,0.4465928357313175,0.4117577659162028,-0.034835069815114694,-0.06078772892109077,-0.00891092130674028,negative,negative
qwen2_5_32b,Qwen2.5,32.0,standard,817,shared_plain_ab_label,primary,mc1_brier,1.0161059048221632,0.8974391127624296,-0.11866679205973363,-0.1547741773805996,-0.0830155192847361,negative,negative
qwen2_5_32b,Qwen2.5,32.0,standard,817,shared_plain_ab_label,primary,mc1_nll,5.726165544512475,5.941932532952204,0.21576698843972864,-0.027626988558633606,0.47190270578811017,positive,crosses_or_touches_zero
qwen2_5_32b,Qwen2.5,32.0,standard,817,shared_plain_ab_label,primary,mc1_ece,0.4465928357313171,0.411757765916203,-0.034835069815114084,-0.060787728921090266,-0.008910921306740337,negative,negative
qwen2_5_32b,Qwen2.5,32.0,standard,817,native_prompt_ab_label,sensitivity,mc1_accuracy,0.40269277845777235,0.5201958384332925,0.11750305997552019,0.0856793145654835,0.14932680538555698,positive,positive
qwen2_5_32b,Qwen2.5,32.0,standard,817,native_prompt_ab_label,sensitivity,mc2,0.5779841015120993,0.6909354399244427,0.1129513384123434,0.08821871797950707,0.13889009331689897,positive,positive
qwen2_5_32b,Qwen2.5,32.0,standard,817,native_prompt_ab_label,sensitivity,mc1_mean_confidence,0.84928561418909,0.9471784688189935,0.09789285462990349,0.08430332867872209,0.11170984326693995,positive,positive
qwen2_5_32b,Qwen2.5,32.0,standard,817,native_prompt_ab_label,sensitivity,mc1_overconfidence_gap,0.4465928357313175,0.4269826303857009,-0.019610205345616583,-0.05198519086560665,0.012542149325929201,negative,crosses_or_touches_zero
qwen2_5_32b,Qwen2.5,32.0,standard,817,native_prompt_ab_label,sensitivity,mc1_brier,1.0161059048221632,0.8896190950296143,-0.1264868097925489,-0.18001352292572095,-0.07278429637813043,negative,negative
qwen2_5_32b,Qwen2.5,32.0,standard,817,native_prompt_ab_label,sensitivity,mc1_nll,5.726165544512475,9.594512578936211,3.868347034423736,3.1840659454373172,4.554824567106657,positive,positive
qwen2_5_32b,Qwen2.5,32.0,standard,817,native_prompt_ab_label,sensitivity,mc1_ece,0.4465928357313171,0.42698263038570083,-0.01961020534561625,-0.051985190865606046,0.01254214932592976,negative,crosses_or_touches_zero
qwen2_5_32b,Qwen2.5,32.0,binary,790,shared_plain_ab_label,primary,accuracy,0.7683544303797468,0.8341772151898734,0.0658227848101266,0.04177215189873418,0.08987341772151902,positive,positive
qwen2_5_32b,Qwen2.5,32.0,binary,790,shared_plain_ab_label,primary,mean_confidence,0.7833669420282601,0.956846318209541,0.17347937618128095,0.16418973447303478,0.18296339730655076,positive,positive
qwen2_5_32b,Qwen2.5,32.0,binary,790,shared_plain_ab_label,primary,overconfidence_gap,0.015012511648512694,0.12266910301966771,0.10765659137115502,0.08207534013974226,0.13245244801816547,positive,positive
qwen2_5_32b,Qwen2.5,32.0,binary,790,shared_plain_ab_label,primary,brier,0.16644722996829708,0.1433158263990746,-0.023131403569222497,-0.03677589754890225,-0.009444358864131546,negative,negative
qwen2_5_32b,Qwen2.5,32.0,binary,790,shared_plain_ab_label,primary,nll,0.5115423877636317,0.7110185285768216,0.19947614081318987,0.10421663718097482,0.30047898933493417,positive,positive
qwen2_5_32b,Qwen2.5,32.0,binary,790,shared_plain_ab_label,primary,ece,0.051291620498639404,0.12266910301966803,0.07137748252102863,0.03397967577394443,0.09089788259243525,positive,positive
qwen2_5_32b,Qwen2.5,32.0,binary,790,native_prompt_ab_label,sensitivity,accuracy,0.7683544303797468,0.879746835443038,0.11139240506329118,0.08227848101265822,0.14050632911392413,positive,positive
qwen2_5_32b,Qwen2.5,32.0,binary,790,native_prompt_ab_label,sensitivity,mean_confidence,0.7833669420282601,0.9904527035937303,0.2070857615654702,0.19705988486855486,0.2169810045219919,positive,positive
qwen2_5_32b,Qwen2.5,32.0,binary,790,native_prompt_ab_label,sensitivity,overconfidence_gap,0.015012511648512694,0.11070586815069115,0.09569335650217846,0.06563749101545646,0.12596994418929458,positive,positive
qwen2_5_32b,Qwen2.5,32.0,binary,790,native_prompt_ab_label,sensitivity,brier,0.16644722996829708,0.11697871601716002,-0.049468513951137064,-0.06895959786597478,-0.02934830561131317,negative,negative
qwen2_5_32b,Qwen2.5,32.0,binary,790,native_prompt_ab_label,sensitivity,nll,0.5115423877636317,1.665143496008703,1.1536011082450712,0.8125962527963854,1.5234286638502244,positive,positive
qwen2_5_32b,Qwen2.5,32.0,binary,790,native_prompt_ab_label,sensitivity,ece,0.051291620498639404,0.1107058681506912,0.05941424765205179,0.023787464344560912,0.07968317300169521,positive,positive
smollm2_1_7b,SmolLM2,1.7,standard,817,shared_plain_ab_label,primary,mc1_accuracy,0.25091799265605874,0.26560587515299877,0.01468788249694003,-0.003671970624234966,0.03182374541003674,positive,crosses_or_touches_zero
smollm2_1_7b,SmolLM2,1.7,standard,817,shared_plain_ab_label,primary,mc2,0.36577016187298916,0.39923353922701155,0.03346337735402238,0.020401351625523936,0.046532622483159806,positive,positive
smollm2_1_7b,SmolLM2,1.7,standard,817,shared_plain_ab_label,primary,mc1_mean_confidence,0.8213006109750693,0.8325052933695711,0.011204682394501786,0.000996461233790791,0.02147199427380396,positive,positive
smollm2_1_7b,SmolLM2,1.7,standard,817,shared_plain_ab_label,primary,mc1_overconfidence_gap,0.5703826183190123,0.5668994182165737,-0.0034832001024385217,-0.024094306082353373,0.017299302082447173,negative,crosses_or_touches_zero
smollm2_1_7b,SmolLM2,1.7,standard,817,shared_plain_ab_label,primary,mc1_brier,1.2662656459550394,1.2522949163292891,-0.0139707296257503,-0.03680168107203778,0.008748338284823309,negative,crosses_or_touches_zero
smollm2_1_7b,SmolLM2,1.7,standard,817,shared_plain_ab_label,primary,mc1_nll,8.234001796516187,8.318093250645164,0.084091454128977,-0.07083866184705988,0.2436082507636629,positive,crosses_or_touches_zero
smollm2_1_7b,SmolLM2,1.7,standard,817,shared_plain_ab_label,primary,mc1_ece,0.5703826183190113,0.5668994182165727,-0.0034832001024385217,-0.024094306082353502,0.017299302082446615,negative,crosses_or_touches_zero
smollm2_1_7b,SmolLM2,1.7,standard,817,native_prompt_ab_label,sensitivity,mc1_accuracy,0.25091799265605874,0.3243574051407589,0.07343941248470015,0.0489596083231334,0.09914320685434513,positive,positive
smollm2_1_7b,SmolLM2,1.7,standard,817,native_prompt_ab_label,sensitivity,mc2,0.36577016187298916,0.4525902584380298,0.08682009656504064,0.06616710092625916,0.1077179942564927,positive,positive
smollm2_1_7b,SmolLM2,1.7,standard,817,native_prompt_ab_label,sensitivity,mc1_mean_confidence,0.8213006109750693,0.8664082007050481,0.04510758972997875,0.03236801737905767,0.058146087400534785,positive,positive
smollm2_1_7b,SmolLM2,1.7,standard,817,native_prompt_ab_label,sensitivity,mc1_overconfidence_gap,0.5703826183190123,0.5420507955642893,-0.028331822754723013,-0.055968864499849724,-0.0007653675988765073,negative,negative
smollm2_1_7b,SmolLM2,1.7,standard,817,native_prompt_ab_label,sensitivity,mc1_brier,1.2662656459550394,1.1881375451698302,-0.07812810078520926,-0.11585536411818094,-0.04055503795978296,negative,negative
smollm2_1_7b,SmolLM2,1.7,standard,817,native_prompt_ab_label,sensitivity,mc1_nll,8.234001796516187,8.641730931664895,0.407729135148708,0.11927384260908683,0.6859838184914769,positive,positive
smollm2_1_7b,SmolLM2,1.7,standard,817,native_prompt_ab_label,sensitivity,mc1_ece,0.5703826183190113,0.5420507955642894,-0.028331822754721903,-0.05596886449984988,-0.0007653675988760966,negative,negative
smollm2_1_7b,SmolLM2,1.7,binary,790,shared_plain_ab_label,primary,accuracy,0.5443037974683544,0.3860759493670886,-0.15822784810126583,-0.1962025316455696,-0.120253164556962,negative,negative
smollm2_1_7b,SmolLM2,1.7,binary,790,shared_plain_ab_label,primary,mean_confidence,0.6051969029741591,0.8129505998401745,0.2077536968660154,0.1972200732088454,0.2178152766056075,positive,positive
smollm2_1_7b,SmolLM2,1.7,binary,790,shared_plain_ab_label,primary,overconfidence_gap,0.060893105505801036,0.4268746504730863,0.3659815449672853,0.3262727441184614,0.404720211997788,positive,positive
smollm2_1_7b,SmolLM2,1.7,binary,790,shared_plain_ab_label,primary,brier,0.2590635443488074,0.4488232580597262,0.18975971371091882,0.16833104947204733,0.2108383334139035,positive,positive
smollm2_1_7b,SmolLM2,1.7,binary,790,shared_plain_ab_label,primary,nll,0.7146211035136376,1.4306093128648052,0.7159882093511676,0.6351700906388977,0.7969274197732784,positive,positive
smollm2_1_7b,SmolLM2,1.7,binary,790,shared_plain_ab_label,primary,ece,0.10187437559577514,0.4268746504730858,0.32500027487731065,0.28364160761979057,0.3579930130130693,positive,positive
smollm2_1_7b,SmolLM2,1.7,binary,790,native_prompt_ab_label,sensitivity,accuracy,0.5443037974683544,0.4151898734177215,-0.12911392405063293,-0.16835443037974684,-0.08860759493670883,negative,negative
smollm2_1_7b,SmolLM2,1.7,binary,790,native_prompt_ab_label,sensitivity,mean_confidence,0.6051969029741591,0.7363981334472794,0.13120123047312038,0.12102538080990434,0.14127452247006342,positive,positive
smollm2_1_7b,SmolLM2,1.7,binary,790,native_prompt_ab_label,sensitivity,overconfidence_gap,0.060893105505801036,0.32120826002955644,0.2603151545237554,0.21778949933835504,0.30183034419138527,positive,positive
smollm2_1_7b,SmolLM2,1.7,binary,790,native_prompt_ab_label,sensitivity,brier,0.2590635443488074,0.3826937301145092,0.12363018576570178,0.10612993564411843,0.14115032869880556,positive,positive
smollm2_1_7b,SmolLM2,1.7,binary,790,native_prompt_ab_label,sensitivity,nll,0.7146211035136376,1.143907502233057,0.4292863987194193,0.366327518128237,0.4944789475555025,positive,positive
smollm2_1_7b,SmolLM2,1.7,binary,790,native_prompt_ab_label,sensitivity,ece,0.10187437559577514,0.32120826002955555,0.2193338844337804,0.17705029522935584,0.2528551239133847,positive,positive
