prompt_protocol,model_key,split,stage,temperature,n,accuracy,mean_confidence,overconfidence_gap,brier,nll,ece
native_prompt_ab_label,base,calibration,raw,1.0,386,0.5233160621761658,0.7787486827424306,0.2554326205662648,0.3309789782145984,0.9400010281783948,0.26323895476065984
native_prompt_ab_label,base,calibration,calibrated,30.348000293655556,386,0.5233160621761658,0.5115112124687371,-0.011804849707428677,0.2498313171064282,0.6928097879007924,0.06017467958522084
native_prompt_ab_label,base,test,raw,1.0,404,0.4876237623762376,0.7807281431519496,0.293104380775712,0.3525119228154012,0.9838981644084306,0.293104380775712
native_prompt_ab_label,base,test,calibrated,30.348000293655556,404,0.4876237623762376,0.5115285157015204,0.023904753325282746,0.2505727726254323,0.6942930200493383,0.07346012574312204
native_prompt_ab_label,instruct,calibration,raw,1.0,386,0.4430051813471503,0.7904765632088561,0.3474713818617058,0.39831670766452376,1.2938340412517688,0.34747138186170573
native_prompt_ab_label,instruct,calibration,calibrated,199.99999999999991,386,0.4430051813471503,0.5022029356596858,0.05919775431253549,0.2504035734344184,0.6939543561670228,0.07938962869988526
native_prompt_ab_label,instruct,test,raw,1.0,404,0.43564356435643564,0.8113852963943551,0.37574173203791944,0.42951483475708946,1.5303332330846282,0.37574173203791955
native_prompt_ab_label,instruct,test,calibrated,199.99999999999991,404,0.43564356435643564,0.5025383177791977,0.06689475342276202,0.25072766081919706,0.6946025769344748,0.10562851248169153
shared_plain_ab_label,base,calibration,raw,1.0,386,0.5233160621761658,0.7787486827424306,0.2554326205662648,0.3309789782145984,0.9400010281783948,0.26323895476065984
shared_plain_ab_label,base,calibration,calibrated,30.348000293655556,386,0.5233160621761658,0.5115112124687371,-0.011804849707428677,0.2498313171064282,0.6928097879007924,0.06017467958522084
shared_plain_ab_label,base,test,raw,1.0,404,0.4876237623762376,0.7807281431519496,0.293104380775712,0.3525119228154012,0.9838981644084306,0.293104380775712
shared_plain_ab_label,base,test,calibrated,30.348000293655556,404,0.4876237623762376,0.5115285157015204,0.023904753325282746,0.2505727726254323,0.6942930200493383,0.07346012574312204
shared_plain_ab_label,instruct,calibration,raw,1.0,386,0.4637305699481865,0.7098273751066664,0.24609680515847987,0.3282502412407598,0.9076816154724242,0.2460968051584799
shared_plain_ab_label,instruct,calibration,calibrated,199.99999999999991,386,0.4637305699481865,0.5012694217565193,0.03753885180833283,0.2501033070827362,0.6933537952364024,0.042341719625939925
shared_plain_ab_label,instruct,test,raw,1.0,404,0.46534653465346537,0.7100303481469472,0.24468381349348184,0.3304274619287953,0.9101837820722506,0.2530433033035611
shared_plain_ab_label,instruct,test,calibrated,199.99999999999991,404,0.46534653465346537,0.5012536668475417,0.03590713219407632,0.2501286460476647,0.693404474138271,0.06521677118982439
